prod_id,src
11,https://codetesting.jubelio.store/wp-content/uploads/2022/11/Divi-Ninja.jpg
12,https://codetesting.jubelio.store/wp-content/uploads/2022/11/Hoodie-Women-3.jpg
13,https://codetesting.jubelio.store/wp-content/uploads/2022/11/divi-Simplified-croptop-white.jpg
13,https://codetesting.jubelio.store/wp-content/uploads/2022/11/divi-Simplified-croptop-blue-scaled.jpg
13,https://codetesting.jubelio.store/wp-content/uploads/2022/11/divi-Simplified-croptop-yellow.jpg
14,https://codetesting.jubelio.store/wp-content/uploads/2022/11/Dat-Divi_Life.jpg
15,https://codetesting.jubelio.store/wp-content/uploads/2022/11/Hoodie-Women-2.jpg
16,https://codetesting.jubelio.store/wp-content/uploads/2022/11/Hoodie-Women-1.jpg
17,https://codetesting.jubelio.store/wp-content/uploads/2022/11/Hoodie-3.jpg
18,https://codetesting.jubelio.store/wp-content/uploads/2022/11/Hoodie-1.jpg
19,https://codetesting.jubelio.store/wp-content/uploads/2022/11/Hoodie-2-1.jpg
20,https://codetesting.jubelio.store/wp-content/uploads/2022/11/Shirt-1-front.jpg
20,https://codetesting.jubelio.store/wp-content/uploads/2022/11/Shirt-1-back.jpg
21,https://codetesting.jubelio.store/wp-content/uploads/2022/11/Shirt-2-front.jpg
21,https://codetesting.jubelio.store/wp-content/uploads/2022/11/Shirt-2-back.jpg
22,https://codetesting.jubelio.store/wp-content/uploads/2022/11/Shirt-3-yellow-front.jpg
22,https://codetesting.jubelio.store/wp-content/uploads/2022/11/Shirt-3-blue-front.jpg
22,https://codetesting.jubelio.store/wp-content/uploads/2022/11/Shirt-3-white-front.jpg
23,https://codetesting.jubelio.store/wp-content/uploads/2022/11/Lanyard1.jpg
24,https://codetesting.jubelio.store/wp-content/uploads/2022/11/Bag1.jpg
24,https://codetesting.jubelio.store/wp-content/uploads/2022/11/Bag1-1.jpg
24,https://codetesting.jubelio.store/wp-content/uploads/2022/11/Bag1-2.jpg
25,https://codetesting.jubelio.store/wp-content/uploads/2022/11/DE-Pins-4.jpg
26,https://codetesting.jubelio.store/wp-content/uploads/2022/11/Bag2.jpg
26,https://codetesting.jubelio.store/wp-content/uploads/2022/11/Bag2-1.jpg
26,https://codetesting.jubelio.store/wp-content/uploads/2022/11/Bag2-2.jpg
27,https://codetesting.jubelio.store/wp-content/uploads/2022/11/pennant-1.jpg
28,https://codetesting.jubelio.store/wp-content/uploads/2022/11/tshirt-2.jpg
29,https://codetesting.jubelio.store/wp-content/uploads/2022/11/beanie-2.jpg
30,https://codetesting.jubelio.store/wp-content/uploads/2022/11/belt-2.jpg
31,https://codetesting.jubelio.store/wp-content/uploads/2022/11/cap-2.jpg
32,https://codetesting.jubelio.store/wp-content/uploads/2022/11/sunglasses-2.jpg
33,https://codetesting.jubelio.store/wp-content/uploads/2022/11/hoodie-with-pocket-2.jpg
34,https://codetesting.jubelio.store/wp-content/uploads/2022/11/hoodie-with-zipper-2.jpg
35,https://codetesting.jubelio.store/wp-content/uploads/2022/11/polo-2.jpg
36,https://codetesting.jubelio.store/wp-content/uploads/2022/11/album-1.jpg
37,https://codetesting.jubelio.store/wp-content/uploads/2022/11/single-1.jpg
38,https://codetesting.jubelio.store/wp-content/uploads/2022/11/t-shirt-with-logo-1.jpg
39,https://codetesting.jubelio.store/wp-content/uploads/2022/11/beanie-with-logo-1.jpg
40,https://codetesting.jubelio.store/wp-content/uploads/2022/11/logo-1.jpg
40,https://codetesting.jubelio.store/wp-content/uploads/2022/11/beanie-with-logo-1.jpg
40,https://codetesting.jubelio.store/wp-content/uploads/2022/11/t-shirt-with-logo-1.jpg
40,https://codetesting.jubelio.store/wp-content/uploads/2022/11/hoodie-with-logo-2.jpg
41,https://codetesting.jubelio.store/wp-content/uploads/2022/11/long-sleeve-tee-2.jpg
42,https://codetesting.jubelio.store/wp-content/uploads/2022/11/hoodie-with-logo-2.jpg
43,https://codetesting.jubelio.store/wp-content/uploads/2022/11/vneck-tee-2.jpg
43,https://codetesting.jubelio.store/wp-content/uploads/2022/11/vnech-tee-green-1.jpg
43,https://codetesting.jubelio.store/wp-content/uploads/2022/11/vnech-tee-blue-1.jpg
44,https://codetesting.jubelio.store/wp-content/uploads/2022/11/hoodie-2.jpg
44,https://codetesting.jubelio.store/wp-content/uploads/2022/11/hoodie-blue-1.jpg
44,https://codetesting.jubelio.store/wp-content/uploads/2022/11/hoodie-green-1.jpg
44,https://codetesting.jubelio.store/wp-content/uploads/2022/11/hoodie-with-logo-2.jpg
45,https://codetesting.jubelio.store/wp-content/uploads/2022/04/T_2_front-5.jpg
45,https://codetesting.jubelio.store/wp-content/uploads/2022/04/T_2_back-5.jpg
46,https://codetesting.jubelio.store/wp-content/uploads/2022/04/T_2_front-4.jpg
46,https://codetesting.jubelio.store/wp-content/uploads/2022/04/T_2_back-4.jpg
47,https://codetesting.jubelio.store/wp-content/uploads/2022/04/T_2_front-3.jpg
47,https://codetesting.jubelio.store/wp-content/uploads/2022/04/T_2_back-3.jpg
48,https://codetesting.jubelio.store/wp-content/uploads/2022/04/T_2_front-2.jpg
48,https://codetesting.jubelio.store/wp-content/uploads/2022/04/T_2_back-2.jpg
49,https://codetesting.jubelio.store/wp-content/uploads/2022/04/T_2_front-1.jpg
49,https://codetesting.jubelio.store/wp-content/uploads/2022/04/T_2_back-1.jpg
50,https://codetesting.jubelio.store/wp-content/uploads/2022/04/T_2_front.jpg
50,https://codetesting.jubelio.store/wp-content/uploads/2022/04/T_2_back.jpg
51,https://codetesting.jubelio.store/wp-content/uploads/2022/03/kopi.jpg.jpg
11,https://codetesting.jubelio.store/wp-content/uploads/2022/11/Divi-Ninja.jpg
12,https://codetesting.jubelio.store/wp-content/uploads/2022/11/Hoodie-Women-3.jpg
13,https://codetesting.jubelio.store/wp-content/uploads/2022/11/divi-Simplified-croptop-white.jpg
13,https://codetesting.jubelio.store/wp-content/uploads/2022/11/divi-Simplified-croptop-blue-scaled.jpg
13,https://codetesting.jubelio.store/wp-content/uploads/2022/11/divi-Simplified-croptop-yellow.jpg
14,https://codetesting.jubelio.store/wp-content/uploads/2022/11/Dat-Divi_Life.jpg
15,https://codetesting.jubelio.store/wp-content/uploads/2022/11/Hoodie-Women-2.jpg
16,https://codetesting.jubelio.store/wp-content/uploads/2022/11/Hoodie-Women-1.jpg
17,https://codetesting.jubelio.store/wp-content/uploads/2022/11/Hoodie-3.jpg
18,https://codetesting.jubelio.store/wp-content/uploads/2022/11/Hoodie-1.jpg
19,https://codetesting.jubelio.store/wp-content/uploads/2022/11/Hoodie-2-1.jpg
20,https://codetesting.jubelio.store/wp-content/uploads/2022/11/Shirt-1-front.jpg
20,https://codetesting.jubelio.store/wp-content/uploads/2022/11/Shirt-1-back.jpg
21,https://codetesting.jubelio.store/wp-content/uploads/2022/11/Shirt-2-front.jpg
21,https://codetesting.jubelio.store/wp-content/uploads/2022/11/Shirt-2-back.jpg
22,https://codetesting.jubelio.store/wp-content/uploads/2022/11/Shirt-3-yellow-front.jpg
22,https://codetesting.jubelio.store/wp-content/uploads/2022/11/Shirt-3-blue-front.jpg
22,https://codetesting.jubelio.store/wp-content/uploads/2022/11/Shirt-3-white-front.jpg
23,https://codetesting.jubelio.store/wp-content/uploads/2022/11/Lanyard1.jpg
24,https://codetesting.jubelio.store/wp-content/uploads/2022/11/Bag1.jpg
24,https://codetesting.jubelio.store/wp-content/uploads/2022/11/Bag1-1.jpg
24,https://codetesting.jubelio.store/wp-content/uploads/2022/11/Bag1-2.jpg
25,https://codetesting.jubelio.store/wp-content/uploads/2022/11/DE-Pins-4.jpg
26,https://codetesting.jubelio.store/wp-content/uploads/2022/11/Bag2.jpg
26,https://codetesting.jubelio.store/wp-content/uploads/2022/11/Bag2-1.jpg
26,https://codetesting.jubelio.store/wp-content/uploads/2022/11/Bag2-2.jpg
27,https://codetesting.jubelio.store/wp-content/uploads/2022/11/pennant-1.jpg
28,https://codetesting.jubelio.store/wp-content/uploads/2022/11/tshirt-2.jpg
29,https://codetesting.jubelio.store/wp-content/uploads/2022/11/beanie-2.jpg
30,https://codetesting.jubelio.store/wp-content/uploads/2022/11/belt-2.jpg
31,https://codetesting.jubelio.store/wp-content/uploads/2022/11/cap-2.jpg
32,https://codetesting.jubelio.store/wp-content/uploads/2022/11/sunglasses-2.jpg
33,https://codetesting.jubelio.store/wp-content/uploads/2022/11/hoodie-with-pocket-2.jpg
34,https://codetesting.jubelio.store/wp-content/uploads/2022/11/hoodie-with-zipper-2.jpg
35,https://codetesting.jubelio.store/wp-content/uploads/2022/11/polo-2.jpg
36,https://codetesting.jubelio.store/wp-content/uploads/2022/11/album-1.jpg
37,https://codetesting.jubelio.store/wp-content/uploads/2022/11/single-1.jpg
38,https://codetesting.jubelio.store/wp-content/uploads/2022/11/t-shirt-with-logo-1.jpg
39,https://codetesting.jubelio.store/wp-content/uploads/2022/11/beanie-with-logo-1.jpg
40,https://codetesting.jubelio.store/wp-content/uploads/2022/11/logo-1.jpg
40,https://codetesting.jubelio.store/wp-content/uploads/2022/11/beanie-with-logo-1.jpg
40,https://codetesting.jubelio.store/wp-content/uploads/2022/11/t-shirt-with-logo-1.jpg
40,https://codetesting.jubelio.store/wp-content/uploads/2022/11/hoodie-with-logo-2.jpg
41,https://codetesting.jubelio.store/wp-content/uploads/2022/11/long-sleeve-tee-2.jpg
42,https://codetesting.jubelio.store/wp-content/uploads/2022/11/hoodie-with-logo-2.jpg
43,https://codetesting.jubelio.store/wp-content/uploads/2022/11/vneck-tee-2.jpg
43,https://codetesting.jubelio.store/wp-content/uploads/2022/11/vnech-tee-green-1.jpg
43,https://codetesting.jubelio.store/wp-content/uploads/2022/11/vnech-tee-blue-1.jpg
44,https://codetesting.jubelio.store/wp-content/uploads/2022/11/hoodie-2.jpg
44,https://codetesting.jubelio.store/wp-content/uploads/2022/11/hoodie-blue-1.jpg
44,https://codetesting.jubelio.store/wp-content/uploads/2022/11/hoodie-green-1.jpg
44,https://codetesting.jubelio.store/wp-content/uploads/2022/11/hoodie-with-logo-2.jpg
45,https://codetesting.jubelio.store/wp-content/uploads/2022/04/T_2_front-5.jpg
45,https://codetesting.jubelio.store/wp-content/uploads/2022/04/T_2_back-5.jpg
46,https://codetesting.jubelio.store/wp-content/uploads/2022/04/T_2_front-4.jpg
46,https://codetesting.jubelio.store/wp-content/uploads/2022/04/T_2_back-4.jpg
47,https://codetesting.jubelio.store/wp-content/uploads/2022/04/T_2_front-3.jpg
47,https://codetesting.jubelio.store/wp-content/uploads/2022/04/T_2_back-3.jpg
48,https://codetesting.jubelio.store/wp-content/uploads/2022/04/T_2_front-2.jpg
48,https://codetesting.jubelio.store/wp-content/uploads/2022/04/T_2_back-2.jpg
49,https://codetesting.jubelio.store/wp-content/uploads/2022/04/T_2_front-1.jpg
49,https://codetesting.jubelio.store/wp-content/uploads/2022/04/T_2_back-1.jpg
50,https://codetesting.jubelio.store/wp-content/uploads/2022/04/T_2_front.jpg
50,https://codetesting.jubelio.store/wp-content/uploads/2022/04/T_2_back.jpg
51,https://codetesting.jubelio.store/wp-content/uploads/2022/03/kopi.jpg.jpg
